{"cameraMode":{"drawMode":0,"name":"Shaded","section":"Shading Mode"},"sceneLighting":false,"audioPlay":false,"sceneViewState":{"showFog":true,"showMaterialUpdate":false,"showSkybox":false,"showFlares":true,"showImageEffects":true,"showParticleSystems":true},"in2DMode":false,"pivot":{"x":-0.13316822052001954,"y":4.780322551727295,"z":0.23298513889312745},"rotation":{"x":-0.08000803738832474,"y":0.84181809425354,"z":-0.13007532060146333,"w":-0.517740786075592},"size":1.8055438995361329,"orthographic":false}