{"cameraMode":{"drawMode":0,"name":"Shaded","section":"Shading Mode"},"sceneLighting":false,"audioPlay":false,"sceneViewState":{"showFog":true,"showMaterialUpdate":false,"showSkybox":false,"showFlares":true,"showImageEffects":true,"showParticleSystems":true},"in2DMode":false,"pivot":{"x":1.774212121963501,"y":0.869835615158081,"z":-0.10596796870231629},"rotation":{"x":0.08481346070766449,"y":-0.8197706937789917,"z":0.12590667605400086,"w":0.5522085428237915},"size":1.2088127136230469,"orthographic":true}