{"cameraMode":{"drawMode":0,"name":"Shaded","section":"Shading Mode"},"sceneLighting":true,"audioPlay":false,"sceneViewState":{"showFog":true,"showMaterialUpdate":false,"showSkybox":true,"showFlares":true,"showImageEffects":true,"showParticleSystems":true},"in2DMode":false,"pivot":{"x":72.04034423828125,"y":26.700820922851564,"z":-9.740184783935547},"rotation":{"x":0.24392904341220857,"y":-0.6026396751403809,"z":0.20058806240558625,"w":0.7328736782073975},"size":64.85940551757813,"orthographic":false}